,Point A,Point B,Point C,Point D,Point E,Error Classification
0,1.193045484230098,0.7982260221689715,0.6905167815665704,0.7798549036507003,1.1787643995905945,A
1,0.9850268487509902,0.6881066089638292,0.6105312941791918,0.7482709305079165,1.0317557412714855,B
2,1.3148961927809881,1.0162920418155061,0.8906950298272757,0.8269367064722054,1.02457148779134,C
3,2.343641401947973,1.3293180976423984,1.5789433816862346,1.6775803158106732,1.6519733604824833,D
4,0.24808810937954476,0.3421509687461727,0.350839935624975,0.3863885954746439,0.3199759363520561,E
