Point A,Point B,Point C,Point D,Point E,Error Classification
"0.0654729774355,0.5596031813822","0.2,0.6","0.3100399256504,0.5550741638226","0.4,0.6","0.5364908036271,0.5596031813822",A
"0.1832274339834,0.7000027257277","0.2,0.6","0.1786984164239,0.5052549706677","0.2556917149359,0.4146746194771","0.1651113637452,0.3059781980482",B
"0.5727229441034,0.5188420233464","0.4912006280318,0.4554357775129","0.2,0.4","0.2692787676145,0.3240942682864","0.1651113637452,0.3059781980482",C
"0.8444639976755,0.5958353218584","0.459497505115,0.4916679179891","0.2013435042215,0.5233710409059","0.4821425929127,0.1701076712622","0.1651113637452,0.3059781980482",D
"0.2194595744597,0.3331523034054","0.2421046622573,0.3784424790008","0.1651113637452,0.3784424790008","0.2375756446978,0.2697460575719","0.1651113637452,0.3059781980482",E
