,Point A,Point B,Point C,Point D,Point E,Error Classification
41,1.953744899,2.616037039,2.405475647,2.328547437,1.991972278,D
42,2.63718251,3.574639165,2.533039221,2.492313906,2.711503118,D
43,2.725826504,2.837436412,2.783222437,2.451073704,2.477337383,D
44,0.255178012,0.258454846,0.399474207,0.339157805,0.34436228,E
